ID,Title,Author,Genre,PublicationDate,Status
1,So through suddenly suddenly.,Sarah Lester,Fantasy,01/10/2000 00:00:00,Checked Out
2,Enter radio design.,Erik Douglas,Thriller,04/26/1998 00:00:00,Reserved
3,Various offer.,Angela Williams,Romance,04/07/1996 00:00:00,Available
4,Physical race particular speak.,Terri Parker,Romance,06/16/2000 00:00:00,Lost
5,Citizen someone study wall Mrs.,Jennifer Aguirre,Science Fiction,08/21/2002 00:00:00,Available
6,Expect wrong industry eight keep.,Bradley Duncan,Mystery,05/25/2008 00:00:00,Available
7,Security weight.,Tina Gonzalez,Romance,12/08/1994 00:00:00,Checked Out
8,Support seem send.,Dorothy Rosario PhD,Biography,09/27/2005 00:00:00,Checked Out
9,Receive want decide.,Roger Bennett,Fantasy,05/03/2019 00:00:00,Available
10,Stay whole.,Tracey Lawson,Non-Fiction,12/31/2015 00:00:00,Checked Out
11,Per new number capital.,Daniel Cruz,Fantasy,03/27/2016 00:00:00,Available
12,Can thousand.,Erin Ellis MD,Fiction,02/05/2016 00:00:00,Available
13,Down shoulder simply glass see.,Jeffrey Thomas,Romance,03/30/2011 00:00:00,Available
14,Husband newspaper account.,Heather Murray,Mystery,08/18/2001 00:00:00,Available
15,Four protect recognize.,Jason Ramirez,Romance,01/01/2003 00:00:00,Available
16,Itself so.,Sophia Martin,Thriller,05/03/2020 00:00:00,Available
17,Miss side century size avoid.,Dr. Kathy Byrd,Non-Fiction,08/23/2010 00:00:00,Lost
18,Whole south on others.,Lori Burton,Mystery,12/02/2018 00:00:00,Lost
19,Grow event.,Jacqueline Hayes,Non-Fiction,01/02/2001 00:00:00,Lost
20,Probably keep describe success.,Tammy Carlson,Fantasy,05/15/2012 00:00:00,Reserved
21,Read computer and effect.,Louis Morris,Science Fiction,11/06/2003 00:00:00,Reserved
22,Different federal modern while still.,James Woods,Biography,07/16/2005 00:00:00,Available
23,Until relate.,Madison Sandoval,Science Fiction,04/29/2019 00:00:00,Reserved
24,Social family.,Allen Gonzalez,Fantasy,11/04/1994 00:00:00,Available
25,Protect none situation image.,Tammy Rice,Romance,05/02/1996 00:00:00,Available
26,Religious Democrat often religious.,Ms. Krystal Phelps DVM,Fantasy,12/01/2009 00:00:00,Reserved
27,Recently ability picture cell.,William Frey,Non-Fiction,06/07/2014 00:00:00,Lost
28,Establish enjoy.,Joel Carter,Fantasy,07/04/2009 00:00:00,Lost
29,Against long.,Ryan Walsh,Thriller,06/14/2016 00:00:00,Reserved
30,Never member would.,Brittany Brown MD,Thriller,02/04/2003 00:00:00,Available
31,Pass less much rest.,Cindy Obrien,Thriller,05/24/2012 00:00:00,Available
32,Sing four adult.,Faith Mclaughlin,Romance,03/06/2000 00:00:00,Checked Out
33,Inside run.,Richard Burch,Romance,10/09/2003 00:00:00,Available
34,Herself candidate option generation.,Taylor Morris,Thriller,10/03/2016 00:00:00,Lost
35,Yes black.,Rhonda Wade,Science Fiction,01/28/2013 00:00:00,Checked Out
36,Main happy.,Theresa Henry,Fiction,01/09/2021 00:00:00,Lost
37,Science up join.,Holly Jones,Mystery,05/28/1999 00:00:00,Checked Out
38,Try go mission third.,Zachary Manning,Fantasy,04/24/2005 00:00:00,Reserved
39,Turn whole opportunity.,Brian Boyd,Science Fiction,02/17/2010 00:00:00,Lost
40,It sport.,Omar Lee,Romance,01/23/2020 00:00:00,Available
41,Side nothing finally.,Monique Porter,Fantasy,09/25/1994 00:00:00,Lost
42,Often marriage between condition type.,Bradley Jackson,Science Fiction,12/21/1996 00:00:00,Reserved
43,Lose argue car place.,Ann Stewart,Science Fiction,06/04/1999 00:00:00,Lost
44,First attention then name.,Jordan Walsh,Mystery,09/15/2013 00:00:00,Checked Out
45,Check upon crime.,Dana Alvarez,Romance,10/11/2023 00:00:00,Lost
46,Ahead since customer.,Amy Cervantes,Thriller,04/14/2023 00:00:00,Lost
47,Environmental ability fish others.,Courtney Roberts,Romance,07/28/2006 00:00:00,Available
48,Performance issue.,Robert Joyce,Thriller,09/28/2021 00:00:00,Reserved
49,Thousand role off involve.,George Santiago,Romance,02/14/2021 00:00:00,Lost
50,Goal part analysis agent.,Barbara Smith,Romance,01/11/1996 00:00:00,Lost
51,Same office range benefit.,Alex Francis,Thriller,10/26/2009 00:00:00,Lost
52,Environment somebody.,Robin Hess,Science Fiction,12/25/2007 00:00:00,Reserved
53,Worker phone maintain state.,Katherine Turner,Romance,05/01/1999 00:00:00,Available
54,Visit appear.,Christy Jenkins,Non-Fiction,02/02/1995 00:00:00,Reserved
55,Blue business assume certainly.,Mark Dickerson,Fantasy,01/14/2012 00:00:00,Checked Out
56,Local woman fight.,Tammie Jarvis,Fiction,05/18/2013 00:00:00,Checked Out
57,Thing practice most.,Linda Goodman,Non-Fiction,04/06/2010 00:00:00,Lost
58,Score forget Democrat art.,Kenneth Davis,Mystery,10/17/1997 00:00:00,Available
59,Accept each listen manager.,Ivan Hall,Mystery,02/16/1999 00:00:00,Reserved
60,Future lot bar.,Wendy Bass,Romance,08/08/2000 00:00:00,Checked Out
61,Century without look tax eye.,Brenda Henry,Fantasy,06/09/2012 00:00:00,Checked Out
62,Better key.,Travis Webb,Fiction,04/05/2006 00:00:00,Reserved
63,Spend might.,Stephanie Koch,Non-Fiction,05/06/1998 00:00:00,Reserved
64,Sort among every someone.,Keith Decker,Thriller,04/09/2008 00:00:00,Reserved
65,Memory government several.,Tamara Hayden,Science Fiction,07/27/2006 00:00:00,Checked Out
66,Guess several window manager.,Miss Cynthia Adams,Fantasy,01/31/2008 00:00:00,Checked Out
67,Feel film move reach four.,Gerald Johnson,Fantasy,07/27/1996 00:00:00,Available
68,Sell claim old.,Matthew Juarez,Science Fiction,03/18/2024 00:00:00,Available
69,Budget heavy happy.,Kayla Johnson,Fiction,09/26/2019 00:00:00,Checked Out
70,Officer its surface blood develop.,Amber Diaz,Biography,01/28/2011 00:00:00,Reserved
71,Cost who.,Anna Jackson,Non-Fiction,02/07/2005 00:00:00,Checked Out
72,Shake this.,Madison Carter,Thriller,06/10/2010 00:00:00,Lost
73,Least show hospital moment.,Samantha Sutton,Fiction,12/13/1996 00:00:00,Checked Out
74,Again author drop again receive.,Katie Padilla,Thriller,07/12/2009 00:00:00,Reserved
75,Watch him discussion.,Theresa Wiley,Science Fiction,04/17/2022 00:00:00,Checked Out
76,Really open.,Emma Hernandez,Fiction,03/12/2023 00:00:00,Checked Out
77,Various white.,Rhonda Zimmerman,Mystery,03/16/2018 00:00:00,Checked Out
78,Yard kind suggest.,Gavin Hines,Mystery,12/21/2005 00:00:00,Checked Out
79,Line example third.,Joseph Grant,Fiction,01/22/2015 00:00:00,Reserved
80,Rather happen her.,Ashley Perry,Non-Fiction,11/05/2019 00:00:00,Reserved
81,Move cell.,Samantha Morgan,Non-Fiction,11/22/1999 00:00:00,Available
82,Yeah must believe.,Miranda Fernandez,Science Fiction,09/07/2013 00:00:00,Reserved
83,Huge agent raise whether.,Robert Lee,Fiction,11/15/2014 00:00:00,Checked Out
84,Everybody pay stock not.,Shawn Gonzales,Mystery,01/30/2017 00:00:00,Lost
85,Hair modern ability defense.,Samuel Lambert,Mystery,11/27/2021 00:00:00,Lost
86,Total behavior it art heart.,Kimberly Stewart,Thriller,02/28/2011 00:00:00,Checked Out
87,Manager style century language live.,Elizabeth Martin,Romance,08/28/2020 00:00:00,Reserved
88,Response stage strong.,Jared Murphy,Science Fiction,05/14/2008 00:00:00,Available
89,Strategy suddenly choice.,Dawn Howell,Mystery,03/14/2006 00:00:00,Available
90,A since do.,Christina Hernandez,Biography,03/31/2019 00:00:00,Checked Out
91,Speech bed great father.,Charles Edwards,Non-Fiction,12/09/1999 00:00:00,Lost
92,West somebody want manage.,Ashley Gray,Mystery,05/17/2004 00:00:00,Lost
93,Them first guy win.,Martin Stone,Science Fiction,05/18/1995 00:00:00,Reserved
94,Training Republican.,Mrs. Emily Rodriguez DVM,Fantasy,01/01/2024 00:00:00,Checked Out
95,Fine off.,Darren Graves,Romance,06/10/1998 00:00:00,Checked Out
96,Should provide.,Amanda Norman,Non-Fiction,02/04/2016 00:00:00,Checked Out
97,Opportunity cut get operation adult.,Mikayla Orozco,Romance,09/30/2000 00:00:00,Reserved
98,Serve painting break record.,Shane Petty,Fantasy,02/25/2005 00:00:00,Checked Out
99,Car budget plant.,Brandon Vaughn,Science Fiction,07/11/2014 00:00:00,Reserved
100,Begin I hot.,Linda Gonzales,Fiction,08/07/2008 00:00:00,Available
101,Find pay stuff past.,Nicholas Hopkins,Fiction,03/15/1996 00:00:00,Lost
102,Life east.,Jessica Williams,Thriller,03/14/2020 00:00:00,Reserved
103,Of radio stop.,Patricia Murphy,Science Fiction,02/16/2010 00:00:00,Available
104,Financial himself today.,Kelsey Morris,Biography,11/13/2015 00:00:00,Available
105,Among list read.,Clifford Rodriguez,Romance,05/12/1998 00:00:00,Available
106,Effort senior bring most common.,David Taylor,Non-Fiction,04/28/2017 00:00:00,Reserved
107,Share simple lay head daughter.,Jacqueline Martin,Mystery,06/17/2015 00:00:00,Checked Out
108,Deep far.,Wanda Stevens,Fiction,12/22/2022 00:00:00,Reserved
109,Future do white above.,Anna Nelson,Mystery,03/21/2015 00:00:00,Checked Out
110,Garden walk.,Nicholas Sanchez,Non-Fiction,01/03/2015 00:00:00,Lost
111,Eight window father.,Benjamin Maddox,Fantasy,06/16/2014 00:00:00,Checked Out
112,Leader paper might.,Brandon Walsh,Romance,07/31/2018 00:00:00,Reserved
113,Game peace national.,Brent Fisher,Mystery,08/13/1998 00:00:00,Available
114,Go article.,Melissa Soto,Science Fiction,02/05/2016 00:00:00,Reserved
115,International great fish day.,Susan Bass,Mystery,09/01/1997 00:00:00,Reserved
116,Customer college anything.,Sandra Heath,Thriller,12/11/2007 00:00:00,Reserved
117,Space knowledge head.,Mr. Andre Fitzpatrick,Fiction,11/16/2007 00:00:00,Reserved
118,Line various.,Maria Wells,Mystery,11/14/2002 00:00:00,Available
119,Sing business cup why.,Tara Sims,Fiction,04/16/2018 00:00:00,Checked Out
120,Finish perhaps.,Mark Jackson,Biography,05/05/2020 00:00:00,Lost
121,Race unit.,Vincent Hall Jr.,Thriller,03/16/2015 00:00:00,Available
122,Travel mother perform.,Jennifer Thompson,Romance,06/02/2009 00:00:00,Reserved
123,Expert call.,Mr. Matthew Zavala,Thriller,02/21/2012 00:00:00,Available
124,Everybody relate.,John Martin,Fantasy,04/30/2002 00:00:00,Lost
125,Onto energy another pressure avoid.,Amanda Kaufman,Science Fiction,01/11/1995 00:00:00,Checked Out
126,Despite garden new traditional.,Kelly Flores,Mystery,06/10/2002 00:00:00,Checked Out
127,Could believe low result choice.,Nicholas Walters,Fiction,08/19/2012 00:00:00,Checked Out
128,Commercial organization to.,Vincent Middleton,Fiction,02/02/1996 00:00:00,Checked Out
129,Sister them become.,Scott Dunlap,Non-Fiction,11/26/2002 00:00:00,Lost
130,Character write lot.,Gary Jones,Biography,03/04/2000 00:00:00,Checked Out
131,Theory happy.,Heidi Hall,Fantasy,08/15/2023 00:00:00,Checked Out
132,Garden successful.,Shane Myers,Fiction,02/21/2015 00:00:00,Lost
133,Factor cut bill she seat.,Morgan Campbell,Non-Fiction,10/15/2000 00:00:00,Lost
134,Hour college worry fund wall.,James Luna,Fantasy,05/07/2019 00:00:00,Reserved
135,Seek case learn step face.,Rose Hudson,Fiction,04/05/1998 00:00:00,Reserved
136,Movement purpose bring too next.,Scott Adams,Romance,05/16/2001 00:00:00,Lost
137,From able answer discover lead.,Megan Matthews,Non-Fiction,09/04/2003 00:00:00,Available
138,Admit plant region say specific.,Allison Stone,Non-Fiction,01/30/1996 00:00:00,Checked Out
139,Example probably response.,Teresa Middleton,Thriller,06/21/2013 00:00:00,Reserved
140,Magazine happy job fear.,Lorraine Chandler DDS,Non-Fiction,10/08/2012 00:00:00,Available
141,Five trade quickly authority.,Miguel Adkins,Science Fiction,12/16/1994 00:00:00,Checked Out
142,Nation teacher this garden.,Ashley Lopez,Fiction,02/12/2016 00:00:00,Lost
143,Hotel decision operation thought ahead.,John Jordan,Thriller,04/25/2016 00:00:00,Checked Out
144,Figure guy if.,Javier Hansen,Thriller,06/12/1999 00:00:00,Lost
145,Same ready notice about.,Victor Wall,Romance,10/26/2023 00:00:00,Checked Out
146,Drive who.,Kellie Tyler,Romance,04/18/2023 00:00:00,Checked Out
147,Plan they five movement.,Danielle Conner,Non-Fiction,05/07/2017 00:00:00,Available
148,Must onto no.,Diana Martinez,Science Fiction,10/24/2001 00:00:00,Reserved
149,Degree these audience.,Elizabeth Gomez,Science Fiction,08/17/2001 00:00:00,Checked Out
150,Management company.,Katie Norton DVM,Fiction,11/24/2011 00:00:00,Checked Out
151,Worry concern employee.,Anna Jones,Fantasy,01/22/2013 00:00:00,Lost
152,Everybody current outside rise.,Mr. Andrew Mcfarland Jr.,Biography,12/11/2017 00:00:00,Reserved
153,Appear six office idea central.,Jaclyn Garrett,Romance,12/11/2018 00:00:00,Reserved
154,Help hard person can.,Brenda Robertson,Non-Fiction,03/24/2023 00:00:00,Checked Out
155,Lawyer trade book son agency.,Bradley Baird,Science Fiction,06/27/2004 00:00:00,Reserved
156,Year fire matter than.,Lori Sanchez,Romance,01/30/2008 00:00:00,Reserved
157,Behavior along we onto.,Stacy Watson,Science Fiction,07/01/2023 00:00:00,Lost
158,Such big young wear report.,Erin Thomas,Fantasy,12/22/2021 00:00:00,Checked Out
159,Outside discover cold.,Sheila Murphy,Non-Fiction,06/26/2012 00:00:00,Reserved
160,Sing painting activity.,James Johnson,Biography,01/16/1995 00:00:00,Checked Out
161,Behind along young simply election.,Cheryl Melton,Mystery,10/01/2012 00:00:00,Reserved
162,Morning deal.,Christina Houston,Biography,08/19/2010 00:00:00,Lost
163,Decade teacher action.,Kyle Stewart,Thriller,11/26/2013 00:00:00,Lost
164,Summer perhaps people.,Michael Roberson,Mystery,08/28/2001 00:00:00,Checked Out
165,New teacher plant.,Felicia Garcia,Fantasy,02/06/1999 00:00:00,Available
166,Contain his study.,Paul Mccarthy,Fiction,01/26/2005 00:00:00,Lost
167,Start explain article.,Dana Carpenter,Fantasy,06/28/2012 00:00:00,Available
168,Senior early student.,Thomas Pittman,Non-Fiction,09/15/2017 00:00:00,Lost
169,Apply head blood.,Ronald Butler,Non-Fiction,04/12/2019 00:00:00,Checked Out
170,Matter act garden less.,David Gibson,Biography,07/15/2004 00:00:00,Checked Out
171,Design science respond audience.,Evelyn Mitchell,Thriller,08/31/1996 00:00:00,Available
172,Leader last hot break card.,Monica Banks,Fiction,09/29/2015 00:00:00,Checked Out
173,Little international might and draw.,Tammy West,Thriller,12/04/2010 00:00:00,Reserved
174,Everybody simple fight development.,Kayla Strickland,Fantasy,06/02/2005 00:00:00,Reserved
175,Southern we project.,Travis Anderson,Fantasy,11/07/2016 00:00:00,Checked Out
176,College usually every.,David Wood,Non-Fiction,07/09/2014 00:00:00,Available
177,Shake time who.,Thomas Marshall,Romance,12/21/2005 00:00:00,Checked Out
178,Before fund side.,Tami Williams,Thriller,01/28/2012 00:00:00,Reserved
179,Control catch if above.,Dawn Russell,Mystery,08/27/2016 00:00:00,Available
180,Time environmental good sister perform.,Nicholas Miller,Science Fiction,09/09/2011 00:00:00,Reserved
181,Line return base.,Megan Torres,Mystery,11/13/2002 00:00:00,Checked Out
182,Blue reveal far performance.,Michael Aguilar,Non-Fiction,10/20/1996 00:00:00,Reserved
183,Forward surface only report.,Brad Gonzalez,Mystery,04/27/1998 00:00:00,Lost
184,Result similar impact compare.,Mrs. Hannah Watson,Fantasy,10/01/1996 00:00:00,Reserved
185,Economy citizen religious his.,Jason Finley,Fantasy,11/09/2000 00:00:00,Available
186,Night morning page.,Charles Jones,Mystery,06/09/1999 00:00:00,Reserved
187,All value.,Jacob Gutierrez,Mystery,04/30/2004 00:00:00,Available
188,Explain great management something financial.,Christopher Cunningham,Biography,06/30/2020 00:00:00,Available
189,One drug economic camera sit.,Zachary Alvarez,Non-Fiction,06/09/2013 00:00:00,Available
190,Safe all but.,Diana Taylor,Non-Fiction,10/02/1998 00:00:00,Checked Out
191,Work still very simply.,Michael Norris,Fiction,03/16/2015 00:00:00,Lost
192,Yes meet Mr phone.,Christopher Mullen,Science Fiction,01/31/1998 00:00:00,Lost
193,Opportunity after culture letter.,Emily Cox,Non-Fiction,06/25/2022 00:00:00,Checked Out
194,Have return talk.,Stephen Cochran,Mystery,01/26/1998 00:00:00,Checked Out
195,Matter not dog.,James Randolph,Fiction,09/18/2015 00:00:00,Reserved
196,Truth central.,Kristy Strickland DDS,Non-Fiction,04/06/2010 00:00:00,Available
197,Follow outside word compare even.,Annette Mason,Mystery,07/30/2023 00:00:00,Available
198,Per lot miss base.,Stephanie Lopez,Biography,09/12/2000 00:00:00,Available
199,Artist knowledge out more.,Andrew Crawford,Fiction,07/02/2023 00:00:00,Checked Out
200,Issue call service force series.,Taylor Heath,Romance,05/07/2002 00:00:00,Reserved
201,Week management.,Michael Cherry,Thriller,02/03/2014 00:00:00,Reserved
202,Born a name become walk.,Debra Cannon,Science Fiction,09/13/2018 00:00:00,Reserved
203,Yard single life occur charge.,Gregory Bailey,Non-Fiction,06/01/2018 00:00:00,Lost
204,Feeling purpose much investment.,Miss Darlene Mcgee PhD,Thriller,10/31/2007 00:00:00,Checked Out
205,Body whatever.,Shawn Fry,Romance,03/27/2010 00:00:00,Checked Out
206,Environmental treat difference occur the.,Christopher Valencia,Thriller,08/19/1996 00:00:00,Reserved
207,Box face.,Faith Ryan,Biography,11/04/2001 00:00:00,Checked Out
208,Lawyer that number particularly mother.,Kenneth Woods,Romance,02/07/1995 00:00:00,Available
209,Production daughter his.,Chase Dixon,Science Fiction,11/20/1994 00:00:00,Checked Out
210,Range protect happen relate respond.,Brian Anderson,Fantasy,06/02/1999 00:00:00,Lost
211,Wide fall.,Regina Campbell,Fantasy,02/09/2022 00:00:00,Reserved
212,While while.,Adam Shea,Science Fiction,08/15/2005 00:00:00,Checked Out
213,About Mr resource.,Edward Bryant,Mystery,03/21/2016 00:00:00,Lost
214,Situation action serious your.,Jasmine Fowler,Thriller,07/19/2001 00:00:00,Lost
215,Market fire.,Gregory Roberts,Fiction,02/03/2009 00:00:00,Reserved
216,Couple trip opportunity fill.,Andrew Beck,Science Fiction,09/16/2009 00:00:00,Available
217,Measure parent.,Charles Stone,Fiction,12/11/2002 00:00:00,Available
218,Step bank.,Danielle Hicks,Biography,06/03/2002 00:00:00,Checked Out
219,Use stage no.,Adam Bolton,Mystery,09/23/1996 00:00:00,Lost
220,Month key away language.,Sarah Smith,Mystery,10/24/2022 00:00:00,Available
221,Whole modern buy.,Randall Trujillo,Mystery,07/11/2018 00:00:00,Lost
222,Operation state option.,Raymond Lambert,Romance,12/28/2001 00:00:00,Reserved
223,Social girl growth around several.,Jacqueline Leon,Mystery,09/02/2021 00:00:00,Checked Out
224,Without strong.,Kimberly Walters,Non-Fiction,03/21/2020 00:00:00,Reserved
225,Who body spend dinner degree.,Sharon Castro,Fiction,05/25/2001 00:00:00,Reserved
226,Financial community name.,Joann Rodriguez,Romance,12/19/2023 00:00:00,Available
227,Form occur team.,Megan Fox,Science Fiction,08/27/1995 00:00:00,Lost
228,Office bit.,Robert Nelson,Fantasy,11/12/1999 00:00:00,Reserved
229,Million if close enough.,Jonathan Dyer,Romance,12/20/2014 00:00:00,Lost
230,Film season moment area.,Shelby Ryan,Fiction,05/20/2017 00:00:00,Reserved
231,By forward note ok type.,Melissa Harper,Fiction,06/08/2015 00:00:00,Lost
232,Concern economic couple similar sell.,Ralph Mitchell,Fantasy,02/08/2004 00:00:00,Reserved
233,Education the interesting me.,David Walker,Science Fiction,03/27/2012 00:00:00,Reserved
234,Middle form leave quality offer.,Christian Rodriguez,Non-Fiction,05/16/2021 00:00:00,Available
235,Form economic memory build.,Heidi Perry,Fantasy,11/07/2017 00:00:00,Checked Out
236,Air car.,Jerry Thomas,Romance,07/12/2015 00:00:00,Checked Out
237,Owner even.,Brooke Schmidt,Science Fiction,08/14/2001 00:00:00,Available
238,Box stock capital ability.,Mike West,Fantasy,10/26/2009 00:00:00,Available
239,Partner society west lot.,Robert Jensen,Science Fiction,02/10/2018 00:00:00,Checked Out
240,Daughter listen tell.,Mark Williams,Thriller,12/08/1994 00:00:00,Checked Out
241,Bill feel or writer.,Eric Mills,Biography,02/03/2000 00:00:00,Reserved
242,What foreign couple.,Kimberly Holt,Thriller,07/23/2010 00:00:00,Reserved
243,Beat development show letter area.,Catherine Smith,Thriller,09/15/2015 00:00:00,Checked Out
244,Table or.,Julie Buchanan,Science Fiction,06/25/2024 00:00:00,Checked Out
245,Only space perform.,Patricia Matthews,Mystery,07/15/2023 00:00:00,Available
246,Writer nature society recognize.,Vanessa Bowers,Romance,10/06/2019 00:00:00,Reserved
247,Read realize Congress pretty under.,Barbara Green,Biography,10/09/2000 00:00:00,Reserved
248,Close television wait phone sort.,Brittany Reeves,Mystery,07/02/2014 00:00:00,Checked Out
249,Trouble certainly.,Mrs. Courtney Kelly,Mystery,07/19/2008 00:00:00,Reserved
250,Challenge west before majority hotel.,Kelsey Stuart,Science Fiction,12/04/2002 00:00:00,Available
251,Mean study raise provide thing.,Devin Benson,Biography,10/14/2021 00:00:00,Lost
252,Light manager.,Erica Taylor,Science Fiction,11/18/1994 00:00:00,Checked Out
253,Tonight goal total.,Gina Patrick,Mystery,09/22/2000 00:00:00,Reserved
254,Make letter spring natural yourself.,Victoria Jackson,Non-Fiction,08/25/2022 00:00:00,Reserved
255,Much head current four.,Bruce Fuller,Biography,06/02/1999 00:00:00,Available
256,Republican step various PM accept.,Daniel Wood,Biography,10/03/2005 00:00:00,Checked Out
257,Media past else beat.,Jennifer Warren,Biography,04/18/2023 00:00:00,Lost
258,Raise expect.,Frederick Vasquez,Non-Fiction,04/07/1996 00:00:00,Lost
259,Arm bag walk road.,Michael Wright,Science Fiction,03/28/1997 00:00:00,Available
260,Still already mouth.,Thomas Morris,Fiction,10/15/2016 00:00:00,Available
261,Involve notice step soldier.,Bruce Barajas,Romance,02/13/2009 00:00:00,Available
262,Suffer another four according.,Kelly Knight,Fantasy,04/13/2017 00:00:00,Available
263,Establish rule interview painting.,Robert Carter,Fiction,04/06/2020 00:00:00,Available
264,Maintain last ready.,Kimberly Clark,Fiction,05/06/2021 00:00:00,Lost
265,Piece quality.,Amber Robinson,Non-Fiction,11/15/2018 00:00:00,Reserved
266,The cause toward Mr city.,George Henderson,Non-Fiction,07/10/2015 00:00:00,Checked Out
267,Goal difficult seven.,David Perez,Science Fiction,02/12/2001 00:00:00,Available
268,Later forward open term.,Jasmine Mitchell,Thriller,11/19/2011 00:00:00,Available
269,Body notice offer magazine.,Ashley Henson,Biography,09/16/2023 00:00:00,Available
270,Institution popular soon.,Desiree Hunt,Science Fiction,12/12/2006 00:00:00,Reserved
271,Dark work.,Dana Shepherd DDS,Biography,12/23/2001 00:00:00,Checked Out
272,No worry water begin.,Steven Johnson,Fantasy,10/17/2011 00:00:00,Lost
273,Seem others security.,Stephanie Fields,Romance,04/08/1998 00:00:00,Available
274,Strong even nature.,Mark Sims,Biography,06/25/2004 00:00:00,Checked Out
275,Above too.,Brian English,Non-Fiction,02/28/2006 00:00:00,Available
276,Live he wrong.,Rebecca Flynn,Mystery,11/14/2012 00:00:00,Checked Out
277,Director behind physical.,Mary Mosley,Romance,10/19/2006 00:00:00,Checked Out
278,Citizen occur reveal.,Emily Lucero,Mystery,01/28/1998 00:00:00,Reserved
279,Everyone state.,Heather Murphy,Thriller,07/30/2017 00:00:00,Reserved
280,Defense guess billion should rock.,Timothy Velasquez,Romance,01/06/2023 00:00:00,Reserved
281,Life practice it.,Pamela Jackson,Thriller,01/15/2019 00:00:00,Reserved
282,Suggest available figure child where.,Steven Perez,Mystery,07/04/2018 00:00:00,Checked Out
283,Right house always crime civil.,Alicia White,Fantasy,08/12/2014 00:00:00,Lost
284,Four must.,Michael Roberts,Non-Fiction,04/10/2011 00:00:00,Reserved
285,Professor start mouth report.,Janet Gonzales,Thriller,04/06/1998 00:00:00,Checked Out
286,Ready control medical thought.,Scott Adams,Fiction,03/16/2024 00:00:00,Reserved
287,Always whatever teacher.,Angela Howard,Romance,11/25/1997 00:00:00,Lost
288,Fight dinner.,Pamela Allen,Science Fiction,05/04/2020 00:00:00,Checked Out
289,Leg already detail act space.,Joseph Anderson,Non-Fiction,10/04/1999 00:00:00,Reserved
290,Kitchen fish land.,Sean Mendoza,Thriller,06/02/2023 00:00:00,Reserved
291,Dark standard.,April Alexander,Science Fiction,12/18/2008 00:00:00,Available
292,Person down.,Kaylee Graham,Non-Fiction,09/24/1999 00:00:00,Checked Out
293,Recent national water mother everything.,Mario Johnson,Science Fiction,01/17/2020 00:00:00,Reserved
294,Sport term know rather.,Lynn Snyder,Fantasy,04/19/2012 00:00:00,Checked Out
295,History education white best economic.,Caroline Hurley,Non-Fiction,02/24/2014 00:00:00,Lost
296,Feeling natural arm health.,Stephanie Williams,Fiction,06/07/2015 00:00:00,Checked Out
297,One woman.,Jason Gillespie,Fantasy,06/03/1997 00:00:00,Reserved
298,Will particular.,Jessica Foley,Fantasy,10/26/2004 00:00:00,Lost
299,Put public explain.,Brandy Garcia,Science Fiction,01/29/2010 00:00:00,Checked Out
300,South offer last college.,Travis Hart,Fiction,05/21/2014 00:00:00,Checked Out
301,Five night adult.,Ashley Nelson,Non-Fiction,05/13/1997 00:00:00,Reserved
302,Thus deal while.,Kayla Pacheco,Biography,02/02/2024 00:00:00,Lost
303,Attorney artist white.,Keith Rhodes,Science Fiction,03/04/1999 00:00:00,Available
304,Allow ball picture care.,Kayla Lam,Romance,08/03/1994 00:00:00,Checked Out
305,Collection expert east.,Priscilla Rodriguez,Biography,05/04/2015 00:00:00,Available
306,Bar miss often.,Paul Santos,Mystery,12/28/2009 00:00:00,Reserved
307,Actually every certain mean happen.,Maria Pittman,Science Fiction,09/15/2008 00:00:00,Reserved
308,Than future through social.,Sabrina Jones,Science Fiction,04/29/2024 00:00:00,Available
309,Shoulder car discussion.,Samantha Johnson,Biography,05/31/2005 00:00:00,Reserved
310,Prove brother reveal but human.,Stacey Watts,Science Fiction,06/26/2022 00:00:00,Available
311,Consumer doctor source training.,Ruben Ross,Science Fiction,04/24/1998 00:00:00,Reserved
312,Scene message gas.,Catherine Carney,Fiction,03/10/2018 00:00:00,Lost
313,Population place compare.,Dominique Bowman,Biography,12/28/2014 00:00:00,Lost
314,Trouble it eat series evening.,Robert Andrews,Fantasy,03/01/2004 00:00:00,Checked Out
315,Left ok public necessary Mr.,Traci Camacho,Fantasy,04/25/2014 00:00:00,Lost
316,Tough development.,Jeremy Collins,Romance,07/31/2011 00:00:00,Checked Out
317,Wife serve technology.,Angela Khan,Fantasy,12/24/2011 00:00:00,Reserved
318,Western baby full.,Nicole Lopez,Fiction,02/20/1999 00:00:00,Reserved
319,Evidence trouble line.,Amanda Ball,Biography,02/27/2002 00:00:00,Reserved
320,Worry but education generation.,Caroline Nelson,Romance,12/18/2023 00:00:00,Reserved
321,Goal painting week institution.,Robert Cobb,Fiction,11/29/2006 00:00:00,Reserved
322,Ball spend son seem.,Timothy Campbell,Fantasy,02/26/2013 00:00:00,Lost
323,Contain drug yard grow.,Rachael Zuniga,Romance,12/10/2012 00:00:00,Available
324,Staff their finish.,Gerald Smith,Mystery,10/25/2019 00:00:00,Checked Out
325,Generation use election only next.,Cassandra Levine MD,Fiction,08/05/1996 00:00:00,Reserved
326,Theory anything road attention past.,Amanda Oneill,Non-Fiction,06/10/2009 00:00:00,Available
327,Rise citizen.,Joseph Krueger,Science Fiction,01/22/1996 00:00:00,Available
328,Against store name apply.,Shari Mills,Non-Fiction,12/16/2007 00:00:00,Lost
329,Yeah four business begin money.,Elizabeth Mclean,Fantasy,04/02/2012 00:00:00,Lost
330,Operation contain.,Travis Arellano,Thriller,06/16/2007 00:00:00,Lost
331,Approach thing TV city do.,Michael Griffin,Biography,06/27/2020 00:00:00,Lost
332,Marriage for pull begin.,Carolyn Jackson DDS,Mystery,11/05/2009 00:00:00,Reserved
333,Religious power improve medical.,Kimberly Miller,Biography,01/09/1997 00:00:00,Reserved
334,Perhaps down tree subject.,Brian Davis,Fiction,04/06/2015 00:00:00,Lost
335,Take a some hotel worry.,Carmen Clark,Biography,02/15/2002 00:00:00,Lost
336,Body material reveal.,Maureen Meyers,Romance,01/12/2019 00:00:00,Available
337,Positive now surface.,Jared Turner,Non-Fiction,04/03/2002 00:00:00,Reserved
338,Maintain check wind culture.,Tommy Fernandez,Science Fiction,12/18/1999 00:00:00,Reserved
339,Stock debate plant wrong key.,Roy Rocha,Mystery,03/19/2005 00:00:00,Available
340,News senior much back receive.,Brian Irwin,Romance,03/21/2006 00:00:00,Checked Out
341,Its represent life.,April Mcdonald,Fiction,12/17/2001 00:00:00,Reserved
342,Truth material writer.,Nathan Gray,Biography,07/28/2023 00:00:00,Available
343,Project peace it.,Andrea Lopez,Thriller,12/12/2008 00:00:00,Reserved
344,Safe realize property green building.,David Thomas,Mystery,11/11/2014 00:00:00,Lost
345,Type conference thus.,Vincent Russell,Romance,07/12/1996 00:00:00,Reserved
346,Everyone marriage yard service.,Kimberly Burns,Non-Fiction,09/22/2003 00:00:00,Checked Out
347,Visit couple quickly guess.,Robert Bowman,Fantasy,08/23/1995 00:00:00,Lost
348,Kitchen hospital boy grow.,Daniel Santana,Fiction,02/26/2010 00:00:00,Lost
349,Would language chair series.,Kristi Vaughn,Mystery,12/19/2023 00:00:00,Reserved
350,Name record need.,Sheila Keith,Mystery,10/10/2007 00:00:00,Lost
351,Sense green unit well reach.,Abigail Gay,Thriller,03/19/2024 00:00:00,Lost
352,Month relationship box ready serious.,John Fuller,Romance,04/16/1997 00:00:00,Lost
353,Break answer others pressure serve.,Terry Wade,Thriller,09/03/1995 00:00:00,Lost
354,North child thought.,Sara Garcia,Mystery,11/30/1995 00:00:00,Available
355,Wrong trouble fact.,Richard Pierce,Romance,04/29/2008 00:00:00,Checked Out
356,Social mouth view statement.,Jacqueline Brown,Science Fiction,04/08/2022 00:00:00,Lost
357,Eye top meeting.,Pamela Leblanc,Romance,05/12/2022 00:00:00,Reserved
358,Government including take.,Angela Hampton,Romance,07/20/2014 00:00:00,Checked Out
359,Heavy mission remember sound.,Monica Alexander,Science Fiction,09/12/2001 00:00:00,Lost
360,Win prevent process art reduce.,Christine Wall,Fiction,10/29/2021 00:00:00,Reserved
361,First whole blue church.,Hannah Wood,Fiction,11/30/2014 00:00:00,Available
362,Specific support while.,Michelle Lee,Fiction,08/12/1998 00:00:00,Checked Out
363,Strong discuss.,Michele Obrien,Fiction,02/14/2023 00:00:00,Reserved
364,Throw then through second.,Maria Carter,Thriller,01/30/2004 00:00:00,Available
365,Ground product kitchen clear.,Glenn Ellis,Mystery,04/18/2012 00:00:00,Lost
366,She investment.,Madison Johnson,Non-Fiction,11/14/2005 00:00:00,Reserved
367,Third imagine very note.,Christina Bowman,Fantasy,11/05/2000 00:00:00,Reserved
368,Phone case hope foot.,Paul Moore,Mystery,01/13/2015 00:00:00,Lost
369,Spend option degree talk at.,Lisa Gallagher,Mystery,03/10/2012 00:00:00,Available
370,Nation you record.,Lindsey Peterson,Fantasy,10/27/2013 00:00:00,Reserved
371,Argue add.,Dr. Emily Stephens DVM,Fantasy,12/21/1996 00:00:00,Checked Out
372,Person dark write door.,Joseph Pineda,Science Fiction,09/09/2001 00:00:00,Available
373,Address there bit although.,Amber Cooper,Fiction,08/22/2008 00:00:00,Reserved
374,Education until house officer although.,Matthew Smith,Biography,03/24/2000 00:00:00,Lost
375,Other little.,Bonnie Hall,Thriller,10/31/2016 00:00:00,Available
376,She realize.,Gary Clarke,Thriller,10/05/1997 00:00:00,Available
377,Increase yeah will remember.,Ryan Rasmussen,Thriller,07/15/2006 00:00:00,Lost
378,Later wear.,Theresa Alexander,Fiction,04/02/2006 00:00:00,Checked Out
379,That company available just road.,Carrie Moss,Fiction,04/29/2010 00:00:00,Checked Out
380,Phone light administration down together.,Sydney Cruz,Non-Fiction,01/30/2022 00:00:00,Reserved
381,Price watch major thank.,Michael Sosa,Romance,04/10/2017 00:00:00,Reserved
382,From sometimes already inside.,Brenda King,Fantasy,12/01/2023 00:00:00,Lost
383,Other against others situation rule.,Jeremiah Adams,Thriller,06/12/1995 00:00:00,Checked Out
384,Agent even class.,Nicole Scott,Thriller,06/05/2001 00:00:00,Reserved
385,Play thing.,Denise Smith,Romance,03/26/2016 00:00:00,Lost
386,Region become.,Deanna Miller,Non-Fiction,01/26/2010 00:00:00,Lost
387,If week possible relationship consider.,Mary Maldonado,Mystery,02/26/2023 00:00:00,Lost
388,Power rate believe.,Robert Ellis,Non-Fiction,12/12/2021 00:00:00,Available
389,Hospital work sister.,Jordan Price,Science Fiction,03/13/2005 00:00:00,Lost
390,Somebody benefit.,Charles Martinez,Fantasy,12/03/2016 00:00:00,Checked Out
391,Model long.,Keith Pugh,Romance,08/21/1997 00:00:00,Lost
392,Discussion pull.,Joseph Hunter,Romance,06/12/2016 00:00:00,Lost
393,Decision suggest order audience.,Maria Lambert,Biography,02/03/2009 00:00:00,Reserved
394,Receive subject yes arrive.,Elijah Brown,Fiction,11/20/2022 00:00:00,Checked Out
395,Them word put relate administration.,Daniel Patterson,Thriller,03/17/2012 00:00:00,Reserved
396,Natural lawyer.,Maria Murray,Thriller,11/27/2014 00:00:00,Checked Out
397,Remember affect.,Shawn Clark,Thriller,06/21/2015 00:00:00,Checked Out
398,Save somebody generation central.,Stefanie Martin,Thriller,11/11/2004 00:00:00,Checked Out
399,Hard heart create.,Karen Perez,Science Fiction,02/29/2016 00:00:00,Checked Out
400,Cold occur population.,Judy Collins,Fantasy,11/13/2022 00:00:00,Lost
401,Statement work analysis crime.,Jeremy Glover,Thriller,12/10/2014 00:00:00,Available
402,Firm myself together western.,Terry Farley,Romance,06/24/1998 00:00:00,Checked Out
403,Seek walk rule from.,Bailey Mitchell,Fiction,07/31/2000 00:00:00,Available
404,Specific defense toward.,James Good,Romance,03/13/2015 00:00:00,Lost
405,Size will discuss per accept.,Randy Weber,Fantasy,02/11/2003 00:00:00,Available
406,Build strong her.,Samuel Church,Thriller,04/14/2002 00:00:00,Lost
407,Candidate country.,Benjamin Patrick,Science Fiction,03/03/2008 00:00:00,Checked Out
408,Charge ready authority few.,Sandra Gomez,Mystery,10/14/2006 00:00:00,Checked Out
409,Performance black past.,Dylan Mitchell,Non-Fiction,06/29/1998 00:00:00,Available
410,Public bit necessary explain.,Brian Ryan,Romance,08/10/2018 00:00:00,Lost
411,Reduce international employee better risk.,Dorothy Gonzalez,Fantasy,06/15/1996 00:00:00,Checked Out
412,Wrong miss.,Melissa Cunningham,Non-Fiction,05/09/1996 00:00:00,Checked Out
413,Minute past.,Curtis Galvan,Biography,07/07/2010 00:00:00,Checked Out
414,Listen response beat.,Bradley Burnett,Fantasy,04/23/2004 00:00:00,Lost
415,Quite hour black determine.,Veronica Wood,Science Fiction,01/19/2018 00:00:00,Available
416,Least play blue.,Michelle Coleman,Fiction,05/02/2018 00:00:00,Available
417,Eye policy hair cup.,Angel Rodriguez,Biography,03/25/2005 00:00:00,Checked Out
418,Which strong marriage.,Angelica Cruz,Biography,08/20/2018 00:00:00,Reserved
419,Fight carry successful happy.,Christina Barker,Thriller,01/03/1996 00:00:00,Checked Out
420,Prove country provide.,Vanessa Kelley,Mystery,03/08/2006 00:00:00,Checked Out
421,Too information example.,Anthony Escobar,Thriller,01/11/2015 00:00:00,Available
422,Campaign race image either note.,Audrey Clark,Romance,08/19/2000 00:00:00,Available
423,Seven skin.,Joshua Payne,Non-Fiction,12/15/2016 00:00:00,Reserved
424,Young couple with.,Jennifer Carrillo,Science Fiction,03/21/2012 00:00:00,Available
425,Usually physical learn product language.,Martha Curry,Fiction,01/06/2001 00:00:00,Lost
426,Method take.,Casey Short,Fiction,03/30/2010 00:00:00,Reserved
427,Cultural process political.,Peter Patterson,Non-Fiction,12/13/2003 00:00:00,Reserved
428,Attack everyone.,Dr. Jennifer Villanueva,Fantasy,04/17/2004 00:00:00,Lost
429,Plant down out.,Russell Lynch,Mystery,03/05/1998 00:00:00,Reserved
430,Too question.,Jacqueline Thomas,Romance,12/21/2012 00:00:00,Reserved
431,Pay ever.,Patricia Shaffer,Science Fiction,10/17/1997 00:00:00,Available
432,Many performance break theory.,Monica Ewing,Biography,09/29/2021 00:00:00,Lost
433,Article imagine no.,Jordan Reed,Fiction,09/18/2018 00:00:00,Reserved
434,Free position commercial medical.,Kaitlin Vang,Science Fiction,03/20/2000 00:00:00,Reserved
435,Reflect finish those.,Jamie Gay,Romance,12/30/2001 00:00:00,Checked Out
436,Available particular require.,Jesus Jennings,Mystery,01/26/2003 00:00:00,Lost
437,Approach own.,Lisa Caldwell,Thriller,02/07/2007 00:00:00,Checked Out
438,Career business mouth.,Michael Taylor,Thriller,07/15/2006 00:00:00,Lost
439,Sister play speak.,Alison Patterson,Romance,08/27/2013 00:00:00,Checked Out
440,Short involve simple which throughout.,Sarah Mitchell,Non-Fiction,04/14/2023 00:00:00,Lost
441,Him meet staff.,Edward Watson,Mystery,10/08/2007 00:00:00,Checked Out
442,Still interview.,Nancy Carter,Fantasy,06/24/2017 00:00:00,Available
443,Traditional employee provide.,Edwin Yates,Biography,06/06/2018 00:00:00,Reserved
444,Move marriage reveal someone.,Jeffery Davis,Non-Fiction,12/03/1997 00:00:00,Reserved
445,Cause military note.,Sharon Escobar,Fiction,07/22/2023 00:00:00,Reserved
446,Staff though after off ground.,Anthony Larson,Fiction,04/02/2003 00:00:00,Reserved
447,Alone light window.,Stephanie Thompson,Science Fiction,07/05/1997 00:00:00,Checked Out
448,Human foot animal.,Craig Robbins,Fiction,02/13/2023 00:00:00,Available
449,Federal break.,Adam Vasquez,Fiction,07/15/2015 00:00:00,Available
450,Skill performance direction.,Michael Johnson,Non-Fiction,02/13/1996 00:00:00,Checked Out
451,Value within leave.,Angela Berry,Fantasy,02/11/1997 00:00:00,Lost
452,No do.,Samuel David,Mystery,06/28/1995 00:00:00,Reserved
453,Effect however.,Amanda Bullock DDS,Thriller,09/08/1997 00:00:00,Checked Out
454,Power doctor eye single think.,John Garcia,Science Fiction,10/03/2002 00:00:00,Lost
455,Spend able rule.,Katie Gonzalez,Romance,02/02/2006 00:00:00,Available
456,Wall professor high.,Jessica Willis,Fiction,03/20/2014 00:00:00,Reserved
457,Sometimes road next involve.,Patricia Fry,Fiction,06/06/2024 00:00:00,Available
458,Indeed sign knowledge.,Luis Evans,Science Fiction,04/09/2009 00:00:00,Checked Out
459,Key recently democratic physical close.,Jose Savage,Biography,11/25/2020 00:00:00,Available
460,Food debate team.,Victor Bryant,Mystery,05/04/2001 00:00:00,Checked Out
461,Way mention simple rich movement.,Emily Clements,Biography,08/03/2005 00:00:00,Lost
462,Rise try suffer affect necessary.,Luis Warren,Mystery,02/06/2007 00:00:00,Available
463,Full particularly civil.,Amber Gutierrez,Biography,10/04/2005 00:00:00,Available
464,Poor more catch try.,Amy Willis,Biography,06/02/2023 00:00:00,Reserved
465,Interview remain.,Kelsey Smith,Biography,07/18/2021 00:00:00,Lost
466,Right hospital better.,Bonnie Perry,Thriller,07/25/2011 00:00:00,Checked Out
467,Along sit event.,April Oneill,Mystery,01/26/2014 00:00:00,Checked Out
468,Or half side it.,John Gilbert,Fantasy,08/18/2001 00:00:00,Checked Out
469,Once want hold century.,Linda Morales,Fantasy,09/01/1994 00:00:00,Reserved
470,Up dinner.,Robert Jackson,Biography,02/05/2017 00:00:00,Available
471,Assume admit.,Thomas Smith,Fantasy,02/23/1995 00:00:00,Available
472,All coach shake few church.,Amanda Jackson,Thriller,07/11/2003 00:00:00,Available
473,Article allow plant success.,Candace Kane,Thriller,02/18/2002 00:00:00,Lost
474,Suffer sing free.,Brenda Payne,Thriller,05/22/2020 00:00:00,Reserved
475,Camera song one other billion.,Danielle Hutchinson,Biography,04/14/2011 00:00:00,Checked Out
476,Be be husband.,Melissa Brown,Romance,09/12/2014 00:00:00,Reserved
477,New other heavy open decade.,Charles Anderson,Biography,08/02/2014 00:00:00,Lost
478,Main source.,Brian Shepherd,Mystery,02/07/2020 00:00:00,Checked Out
479,Same must current garden.,Heather Johnson,Biography,06/24/2024 00:00:00,Available
480,Stop near because show next.,Amanda Wolf,Non-Fiction,01/24/2020 00:00:00,Lost
481,Marriage they listen town.,Holly Gaines,Mystery,06/01/2021 00:00:00,Available
482,Piece check.,Thomas Martinez,Science Fiction,07/14/2015 00:00:00,Lost
483,Source goal.,Andrew Glover,Non-Fiction,03/26/2020 00:00:00,Reserved
484,Easy break together.,Michelle Donaldson,Fantasy,03/19/2013 00:00:00,Lost
485,Key too.,Cynthia White,Thriller,03/29/2000 00:00:00,Lost
486,American race leg social.,Noah Adams,Science Fiction,09/11/2009 00:00:00,Reserved
487,Despite bank cultural friend.,Kathy Miller,Science Fiction,11/01/2023 00:00:00,Checked Out
488,Left stage media.,Elizabeth Suarez,Fantasy,06/01/2013 00:00:00,Checked Out
489,Probably hundred because.,Alexandra George,Biography,06/04/2013 00:00:00,Lost
490,Himself push remain.,Chelsey Wilkinson,Fiction,05/31/2015 00:00:00,Available
492,End anything quality age.,Patrick Munoz,Fiction,12/09/2012 00:00:00,Lost
493,Blue effort address.,James Smith,Fiction,06/22/2003 00:00:00,Checked Out
494,Establish rate over.,Kendra Reynolds,Biography,03/10/2018 00:00:00,Reserved
495,Most write describe note.,Paul Solis,Fantasy,06/29/2004 00:00:00,Lost
496,Available position old want.,Timothy Williams,Non-Fiction,05/09/2006 00:00:00,Available
497,Simply difficult.,Kelly Collins,Biography,05/17/2015 00:00:00,Reserved
498,My watch.,Dana Saunders,Mystery,01/15/2013 00:00:00,Reserved
499,Campaign north out.,Dalton Smith,Thriller,04/11/1998 00:00:00,Reserved
501,sfghh,hdfgh,dfh,07/05/2024 00:00:00,dfh
502,test,asd,asdfgh,04/01/1951 00:00:00,Lost
503,gh,gh,gh,02/29/2000 00:00:00,gh
